geneid,NAME,Family_name,auc_r2,pvalues,cells,day_min
M0,TARGETS OF FOSL1/2 (M0),various,-0.8366719517620687,0.01060436394532882,%ctl,7/0
M0,TARGETS OF FOSL1/2 (M0),various,-0.720917824978172,0.0324512177227132,%ctl,3/0
M1.0,INTEGRIN CELL SURFACE INTERACTIONS (I) (M1.0),various,-0.9350985808418322,0.0016150491929667332,%ctl,7/0
M1.1,INTEGRIN CELL SURFACE INTERACTIONS (II) (M1.1),various,-0.7589230713323243,0.023829572534660226,%ctl,7/0
M100,"MAPK, RAS SIGNALLING (M100)",various,0.8543327924335475,0.008378563808506545,%prol. ctl,7/3
M100,"MAPK, RAS SIGNALLING (M100)",various,0.7021922718876848,0.037254022375946994,%prol tcr-gd,7/0
M101,PHOSPHATIDYLINOSITOL SIGNALING SYSTEM (M101),various,0.869492774114274,0.006687262848015241,%prol tcr-gd,7/3
M101,PHOSPHATIDYLINOSITOL SIGNALING SYSTEM (M101),various,-0.7469636778663866,0.026383467913119185,%prol. ctl,3/0
M101,PHOSPHATIDYLINOSITOL SIGNALING SYSTEM (M101),various,0.7641394621096697,0.022760462747800414,%prol. ctl,7/3
M101,PHOSPHATIDYLINOSITOL SIGNALING SYSTEM (M101),various,-0.7150274808800725,0.03392164386149488,%prol tcr-gd,3/0
M102,TBA (M102),various,0.7200273258440807,0.032671160929584886,%ctl,3/0
M103,CELL CYCLE (III) (M103),cell cycle,0.6757844277240892,0.04467641226186103,%prol tcr-gd,7/3
M106.1,NUCLEAR PORE COMPLEX (MITOSIS) (M106.1),various,-0.6781013621123971,0.04399410674643445,%prol. th,7/0
M106.1,NUCLEAR PORE COMPLEX (MITOSIS) (M106.1),various,0.9376987204535129,0.0014868763463304902,%prol tcr-gd,7/3
M107,HOX CLUSTER VI (M107),various,-0.6861836082326725,0.0416612094181108,%prol. ctl,7/3
M107,HOX CLUSTER VI (M107),various,-0.7465060212591658,0.026484066817235252,%prol tcr-gd,7/3
M107,HOX CLUSTER VI (M107),various,0.6943235748451874,0.03938509901274845,%prol. ctl,3/0
M108,TBA (M108),various,-0.774835067317335,0.020652440811679496,%ctl,3/0
M108,TBA (M108),various,0.8045062076047426,0.015383934688782297,%ctl,7/3
M109,"RECEPTORS, CELL MIGRATION (M109)",inflammation,0.7382534763336774,0.02833471652403352,%prol. ctl,7/3
M11.2,FORMYL PEPTIDE RECEPTOR MEDIATED NEUTROPHIL RESPONSE (M11.2),inflammation,0.6623739259358546,0.04874563798711895,%prol. th,7/3
M11.2,FORMYL PEPTIDE RECEPTOR MEDIATED NEUTROPHIL RESPONSE (M11.2),inflammation,-0.6717646126694299,0.04587461342253185,%ctl,7/0
M111.1,"VIRAL SENSING & IMMUNITY,  IRF2 TARGETS NETWORK (II) (M111.1)",IFN-I,0.6965361350851981,0.03877903626935453,%prol tcr-gd,7/0
M112.1,COMPLEMENT ACTIVATION (II) (M112.1),inflammation,0.77298156222155745,0.021009709796167453,%prol. th,7/3
M113,GOLGI MEMBRANE (I) (M113),various,-0.7164565949839136,0.033561510976795494,%ctl,7/0
M114.1,GLYCEROPHOSPHOLIPID METABOLISM (M114.1),various,0.6784987156570085,0.04387769991712287,%prol tcr-gd,7/3
M114.1,GLYCEROPHOSPHOLIPID METABOLISM (M114.1),various,0.7093294117102807,0.03537918766572523,%prol. ctl,7/3
M115,CYTOKINES - RECEPTERS CLUSTER (M115),inflammation,0.7417772115694574,0.027535998724131483,%prol. treg,7/3
M115,CYTOKINES - RECEPTERS CLUSTER (M115),inflammation,0.8734851480833676,0.0062750658466177445,%prol. t-cells,7/3
M116,TBA (M116),various,-0.7124836000460386,0.03456807328410294,%prol. ctl,7/3
M118.1,ENRICHED IN MONOCYTES (SURFACE) (M118.1),myeloid cells,0.6652180795379201,0.04786539865186512,%prol. treg,7/0
M118.1,ENRICHED IN MONOCYTES (SURFACE) (M118.1),myeloid cells,0.7449695278099311,0.02682336460811463,%prol. t-cells,7/0
M119,ENRICHED IN ACTIVATED DENDRITIC CELLS (I) (M119),ag presentation,0.7666211074389897,0.022261316733386938,%prol. ctl,7/3
M12,CD28 COSTIMULATION (M12),NK/T cells,-0.6895477192124256,0.04071164903625735,%prol. th,7/0
M120,TBA (M120),various,0.730780037231673,0.03007101591054595,%prol. ctl,7/3
M122,ENRICHED FOR CELL MIGRATION (M122),various,-0.6766084152630044,0.04443306459114926,%prol tcr-gd,7/3
M122,ENRICHED FOR CELL MIGRATION (M122),various,-0.6868346116036814,0.04147647563621848,%prol. ctl,7/3
M122,ENRICHED FOR CELL MIGRATION (M122),various,-0.8030189484491757,0.015628089987237193,%ctl,7/0
M123,ENRICHED IN B CELL DIFFERENTIATION (M123),B cells,-0.8755064537392816,0.006071608492159708,%ctl,3/0
M124,ENRICHED IN MEMBRANE PROTEINS (M124),various,-0.6692610665932673,0.0466301447920221,%prol. treg,3/0
M127,TYPE I INTERFERON RESPONSE (M127),IFN-I,0.6674030578473096,0.04719549394573641,%ctl,3/0
M128,TBA (M128),various,-0.7604314738298913,0.023517641157555502,%prol. treg,3/0
M128,TBA (M128),various,0.8687459612098339,0.006765896572483943,%prol tcr-gd,7/3
M128,TBA (M128),various,-0.7448164232904388,0.02685730561757671,%prol. th,7/0
M128,TBA (M128),various,-0.8794770655577299,0.0056821462098235465,%prol. t-cells,3/0
M129,INOSITOL PHOSPHATE METABOLISM (M129),various,0.7288457640846834,0.030529831690000453,%prol. ctl,7/3
M129,INOSITOL PHOSPHATE METABOLISM (M129),various,0.698253627307951,0.03831227665723258,%prol tcr-gd,7/3
M13,INNATE ACTIVATION BY CYTOSOLIC DNA SENSING (M13),IFN-I,-0.7628924209341122,0.023013587761700816,%ctl,7/0
M130,ENRICHED IN G-PROTEIN COUPLED RECEPTORS (M130),various,0.658770533268311,0.04987429379570907,%prol. ctl,7/0
M131,TBA (M131),various,0.7370110873903897,0.028619365394366714,%prol. ctl,7/3
M131,TBA (M131),various,0.7025669019475942,0.03715424302475556,%prol. ctl,7/0
M131,TBA (M131),various,0.8756786892739208,0.0060544341818551395,%prol tcr-gd,7/3
M133.1,CELL CELL ADHESION (M133.1),various,-0.8411597221424902,0.010012409038356873,%prol. ctl,7/3
M135.0,ENRICHED IN PLASMA MEMBRANE PROTEINS (I) (M135.0),various,-0.7789849390680509,0.019864682735029726,%prol tcr-gd,7/0
M135.0,ENRICHED IN PLASMA MEMBRANE PROTEINS (I) (M135.0),various,-0.8371729958709853,0.010537377217866517,%prol tcr-gd,7/3
M135.1,ENRICHED IN PLASMA MEMBRANE PROTEINS (II) (M135.1),various,-0.8063859344326822,0.015078317161755672,%prol tcr-gd,7/3
M135.1,ENRICHED IN PLASMA MEMBRANE PROTEINS (II) (M135.1),various,-0.7340516189026745,0.029303827826360207,%prol tcr-gd,7/0
M136,TBA (M136),various,0.7554109139724519,0.024564676248774564,%prol tcr-gd,7/0
M136,TBA (M136),various,0.9444232050962111,0.001180447339863555,%prol. ctl,7/3
M137,TBA (M137),various,-0.7444201787109069,0.02694525798530112,%prol. ctl,3/0
M138,ENRICHED FOR UBIQUITINATION (M138),various,-0.9083052655074246,0.003254638258898268,%prol. ctl,3/0
M138,ENRICHED FOR UBIQUITINATION (M138),various,-0.6679090807761765,0.047041131077571574,%prol tcr-gd,3/0
M139,LYSOSOMAL/ENDOSOMAL PROTEINS (M139),ag presentation,0.7355417471061945,0.02895806323372785,%prol. ctl,7/3
M14,T CELL DIFFERENTIATION (M14),NK/T cells,-0.828065280711978,0.011790419432053945,%prol. th,7/0
M140,"EXTRACELLULAR MATRIX, COMPLEMENT (M140)",various,-0.859848307616766,0.007740006325676063,%ctl,7/0
M141,TBA (M141),various,0.7035063172607908,0.03690470717839189,%prol. th,7/3
M141,TBA (M141),various,-0.6819990807066914,0.04285991946095269,%prol. treg,3/0
M142,TRANSMEMBRANE AND ION TRANSPORTERS (I) (M142),various,-0.9560582824862451,7.349537732346256e-4,%prol tcr-gd,7/0
M142,TRANSMEMBRANE AND ION TRANSPORTERS (I) (M142),various,-0.7215004510832486,0.03230776818047376,%prol. ctl,7/3
M142,TRANSMEMBRANE AND ION TRANSPORTERS (I) (M142),various,-0.666517207082563,0.047466430874474774,%prol tcr-gd,7/3
M143,"NUCLEAR PORE, TRANSPORT; MRNA SPLICING, PROCESSING (M143)",various,-0.8275588027173925,0.011862307827229746,%prol tcr-gd,3/0
M143,"NUCLEAR PORE, TRANSPORT; MRNA SPLICING, PROCESSING (M143)",various,0.9509236198751184,9.183808720327757e-4,%prol tcr-gd,7/3
M143,"NUCLEAR PORE, TRANSPORT; MRNA SPLICING, PROCESSING (M143)",various,-0.7248658711500654,0.031486149673310315,%prol. ctl,3/0
M144,"CELL CYCLE, ATP BINDING (M144)",cell cycle,-0.7001394649381947,0.03780347426215114,%prol tcr-gd,3/0
M144,"CELL CYCLE, ATP BINDING (M144)",cell cycle,0.8299176203975978,0.011529488720932735,%prol tcr-gd,7/3
M144,"CELL CYCLE, ATP BINDING (M144)",cell cycle,-0.6956021664696597,0.03903421368540716,%prol. ctl,3/0
M146,MHC-TLR7-TLR8 CLUSTER (M146),ag presentation,0.6788305090097524,0.04378063553143585,%prol. ctl,7/3
M147,INTRACELLULAR TRANSPORT (M147),various,0.7510195259717941,0.025501211742338104,%prol tcr-gd,7/3
M147,INTRACELLULAR TRANSPORT (M147),various,-0.7337487294332414,0.029374389933870315,%prol. ctl,3/0
M148,TBA (M148),various,0.8294426593417801,0.011596097157897223,%prol tcr-gd,7/3
M149,TBA (M149),various,-0.8997517241356577,0.0039021906992298128,%prol. ctl,7/3
M149,TBA (M149),various,-0.9275276520670177,0.0020192093403692546,%prol tcr-gd,7/0
M149,TBA (M149),various,-0.8344508598963077,0.010904033829430837,%prol tcr-gd,7/3
M150,INNATE ANTIVIRAL RESPONSE (M150),IFN-I,0.7598254851860416,0.023642684616875353,%ctl,3/0
M151,TBA (M151),various,0.6780326006367257,0.044014268842315296,%prol. ctl,7/0
M152.0,TBA (SOURCE: B CELLS) (M152.0),B cells,0.723719996424574,0.031764562557588416,%prol. ctl,3/0
M152.0,TBA (SOURCE: B CELLS) (M152.0),B cells,-0.8070072359642644,0.014978029349532296,%prol. ctl,7/3
M152.0,TBA (SOURCE: B CELLS) (M152.0),B cells,-0.6825668661079484,0.04269612329028538,%prol tcr-gd,7/3
M152.1,TBA (SOURCE: NAIVE B CELLS) (M152.1),B cells,-0.8191812122909559,0.013085395120623788,%prol tcr-gd,7/3
M152.2,TBA (SOURCE: MEMORY B CELLS) (M152.2),B cells,-0.7853274262677239,0.018692960895377198,%prol. ctl,7/3
M153,TBA (M153),various,-0.8304288162974365,0.011458027491443534,%prol tcr-gd,3/0
M153,TBA (M153),various,0.8899784699004311,0.004716873567117252,%prol tcr-gd,7/3
M154.0,AMINO ACID METABOLISHM AND TRANSPORT (M154.0),various,-0.8085910518348399,0.014724008173754077,%prol tcr-gd,7/3
M154.0,AMINO ACID METABOLISHM AND TRANSPORT (M154.0),various,-0.9062645943407716,0.0034036133769923538,%prol tcr-gd,7/0
M154.1,TRANSMEMBRANE TRANSPORT (SLC CLUSTER) (M154.1),various,-0.7161745581420309,0.03363241165805464,%prol tcr-gd,7/0
M157,ENRICHED IN NK/NK/T cells CELLS (III) (M157),NK/T cells,-0.7364142535166875,0.028756673336830962,%prol. th,7/3
M158.0,INTERFERON ALPHA RESPONSE (I) (M158.0),IFN-I,-0.7735568225256122,0.02089846725717881,%prol tcr-gd,7/3
M158.0,INTERFERON ALPHA RESPONSE (I) (M158.0),IFN-I,-0.6652762121379356,0.04784750438994578,%prol. ctl,7/3
M158.0,INTERFERON ALPHA RESPONSE (I) (M158.0),IFN-I,-0.7174988732645653,0.033300226958756785,%prol tcr-gd,7/0
M160,LEUKOCYTE DIFFERENTIATION (M160),various,-0.9232284893366196,0.002269334371339138,%prol. ctl,3/0
M160,LEUKOCYTE DIFFERENTIATION (M160),various,0.7737813233044575,0.02085514157536794,%prol. ctl,7/3
M161,TBA (M161),various,0.6651020762241678,0.047901118187547054,%prol. ctl,7/3
M161,TBA (M161),various,-0.8846102440528291,0.005198610069313991,%prol. ctl,3/0
M161,TBA (M161),various,0.681675005905055,0.04295357120228038,%prol tcr-gd,7/3
M164,XENOBIOTIC METABOLISM (M164),various,-0.7047466159418029,0.03657671121059081,%prol. ctl,7/3
M165,ENRICHED IN ACTIVATED DENDRITIC CELLS (II) (M165),ag presentation,0.7406452050481537,0.027791201161889934,%prol. t-cells,7/3
M166,TBA (M166),various,-0.7754340634662243,0.020537699584696423,%prol tcr-gd,7/0
M167,ENRICHED IN CELL CYCLE (M167),cell cycle,0.7222583870389578,0.032121690348246634,%prol. ctl,7/3
M168,ENRICHED IN DENDRITIC CELLS (M168),ag presentation,0.7448097619264867,0.026858782885145205,%prol. t-cells,7/3
M168,ENRICHED IN DENDRITIC CELLS (M168),ag presentation,0.7607712397676274,0.023447691715918317,%prol. th,7/3
M169,MITOSIS (TF MOTIF CCAATNNSNNNGCG) (M169),cell cycle,-0.6830228540795277,0.04256483990475579,%prol. th,7/0
M169,MITOSIS (TF MOTIF CCAATNNSNNNGCG) (M169),cell cycle,0.7540777472216939,0.02484694648000696,%prol tcr-gd,7/3
M169,MITOSIS (TF MOTIF CCAATNNSNNNGCG) (M169),cell cycle,-0.6931358473097721,0.039712656830474646,%prol. treg,7/0
M169,MITOSIS (TF MOTIF CCAATNNSNNNGCG) (M169),cell cycle,-0.761741187745318,0.02324863516589537,%prol tcr-gd,3/0
M17.0,HOX CLUSTER I (M17.0),various,-0.6715238548920134,0.045946959767905415,%prol tcr-gd,7/3
M17.0,HOX CLUSTER I (M17.0),various,-0.7572859347176181,0.024170694557568595,%prol. ctl,7/3
M17.1,HOX CLUSTER II (M17.1),various,0.7397111349431869,0.02800276836310811,%prol. ctl,3/0
M17.1,HOX CLUSTER II (M17.1),various,-0.7339820589175903,0.029320024352480267,%prol. ctl,7/3
M17.2,HOX CLUSTER III (M17.2),various,-0.7567114185938822,0.024291038602281656,%prol. ctl,7/3
M170,TBA (M170),various,-0.6942482491464772,0.03940582669339743,%prol tcr-gd,7/0
M170,TBA (M170),various,-0.8074059940799968,0.014913853652740894,%prol tcr-gd,7/3
M171,HEME BIOSYNTHESIS (I) (M171),various,-0.6849574872214571,0.04201042363092711,%ctl,3/0
M173,ERYTHROCYTE DIFFERENTIATION (M173),various,0.6732025824873037,0.045443885057319555,%prol. th,7/0
M174,TBA (M174),various,-0.7161829551931959,0.033630299520280627,%prol. t-cells,3/0
M174,TBA (M174),various,-0.6678602226845335,0.04705602249295904,%prol. ctl,3/0
M174,TBA (M174),various,0.8421803534659754,0.009880303053805939,%prol tcr-gd,7/3
M175,CELL DEVELOPMENT (M175),various,-0.8020903496071892,0.015781586715368334,%prol. ctl,7/3
M176,TBA (M176),various,0.8281307693812417,0.011781141153187846,%prol. ctl,3/0
M176,TBA (M176),various,-0.7932801682230659,0.017278402024257122,%prol. ctl,7/3
M177.1,TBA (M177.1),various,0.7018976865411104,0.03733258946318041,%prol. ctl,3/0
M18,T CELL DIFFERENTIATION VIA ITK AND PKC (M18),NK/T cells,0.6886970237584562,0.04095058237568905,%prol. ctl,7/3
M18,T CELL DIFFERENTIATION VIA ITK AND PKC (M18),NK/T cells,0.6914191863987081,0.0401888303388942,%prol tcr-gd,7/3
M182,ENRICHED IN DNA INTERACTING PROTEINS (M182),various,-0.8446221473784049,0.009568024348315385,%prol. ctl,3/0
M182,ENRICHED IN DNA INTERACTING PROTEINS (M182),various,0.8969816863881018,0.0041249612513230005,%prol tcr-gd,7/3
M183,TBA (M183),various,0.6746346020201714,0.04501727336552741,%prol. ctl,3/0
M185,TBA (M185),various,-0.7731749872981889,0.020972269576507774,%prol. ctl,3/0
M185,TBA (M185),various,0.8172393652215565,0.01337808900898807,%prol. ctl,7/3
M185,TBA (M185),various,0.8798185268498833,0.005649283573366137,%prol tcr-gd,7/3
M188,TBA (M188),various,-0.682517935852857,0.04271022460654561,%prol. t-cells,7/3
M188,TBA (M188),various,-0.8443787972066344,0.009598907531374712,%prol. treg,7/3
M188,TBA (M188),various,-0.685968907535134,0.04172223791751417,%prol. th,7/3
M19,T CELL DIFFERENTIATION (TH2) (M19),NK/T cells,0.8929195817905405,0.004463267263888682,%ctl,7/0
M19,T CELL DIFFERENTIATION (TH2) (M19),NK/T cells,0.77181313268108,0.021236654940784305,%prol tcr-gd,7/3
M190,TBA (M190),various,0.9163892645612851,0.0026982361661254117,%prol tcr-gd,7/3
M191,TRANSMEMBRANE TRANSPORT (II) (M191),various,0.8027310186108989,0.01567559787562467,%prol tcr-gd,7/3
M192,TBA (M192),various,0.8472741890417423,0.009234875968523903,%prol. ctl,7/3
M192,TBA (M192),various,0.6817469094452128,0.042932782226781985,%prol tcr-gd,7/0
M193,TBA (M193),various,-0.6632098702375652,0.048485952255293174,%prol. treg,3/0
M194,TBA (M194),various,-0.6821817485039391,0.04280718361605995,%prol. th,7/0
M195,"MUSCLE CONTRACTION, SRF TARGETS (M195)",various,-0.8925381850102817,0.004495743173498212,%prol. ctl,7/3
M195,"MUSCLE CONTRACTION, SRF TARGETS (M195)",various,-0.6907572100055671,0.040373319806493946,%ctl,7/0
M197,TBA (M197),various,-0.9284290683626285,0.0019686640167158043,%prol tcr-gd,7/3
M198,TBA (M198),various,0.9408641553347035,0.0013381384657140671,%prol tcr-gd,7/0
M198,TBA (M198),various,0.8716271904789201,0.0064651823450505574,%prol. ctl,7/3
M2.0,EXTRACELLULAR MATRIX (I) (M2.0),various,-0.8519196063281621,0.008666363764088025,%ctl,3/0
M2.0,EXTRACELLULAR MATRIX (I) (M2.0),various,-0.7878173288299916,0.01824356851894504,%ctl,7/0
M2.0,EXTRACELLULAR MATRIX (I) (M2.0),various,-0.7410169285295127,0.027707254269510262,%prol. ctl,7/3
M2.1,EXTRACELLULAR MATRIX (II) (M2.1),various,-0.7103713733840957,0.035110064113404116,%ctl,7/0
M2.1,EXTRACELLULAR MATRIX (II) (M2.1),various,-0.8163964438401968,0.01350622432144677,%ctl,3/0
M2.2,EXTRACELLULAR MATRIX (III) (M2.2),various,-0.7145025658760675,0.034054466289517915,%prol. ctl,7/3
M2.2,EXTRACELLULAR MATRIX (III) (M2.2),various,-0.7995792483076178,0.016200735620266693,%ctl,3/0
M20,AP-1 TRANSCRIPTION FACTOR NETWORK (M20),cell cycle,-0.7150851582336989,0.03390706728639836,%ctl,7/0
M200,ANTIGEN PROCESSING AND PRESENTATION (M200),ag presentation,-0.7547074852206003,0.02471339032243125,%prol. ctl,3/0
M202,ENRICHED IN EXTRACELLULAR MATRIX & ASSOCIATED PROTEINS (M202),various,-0.7871415377793657,0.01836495074957689,%prol tcr-gd,7/0
M202,ENRICHED IN EXTRACELLULAR MATRIX & ASSOCIATED PROTEINS (M202),various,-0.8748461060837766,0.006137690516110794,%prol. ctl,7/3
M203,TBA (M203),various,-0.7774539739443868,0.020153351145039133,%prol. th,7/0
M204.0,CHAPERONIN MEDIATED PROTEIN FOLDING (I) (M204.0),various,0.8273986427194412,0.011885089183131026,%prol tcr-gd,7/3
M204.0,CHAPERONIN MEDIATED PROTEIN FOLDING (I) (M204.0),various,0.7651464982576371,0.02255717825420822,%prol. ctl,7/3
M204.1,CHAPERONIN MEDIATED PROTEIN FOLDING (II) (M204.1),various,0.7099561533177008,0.03521716992701229,%prol tcr-gd,7/3
M205,TBA (M205),various,-0.7260308753291719,0.031204499728352264,%prol. ctl,3/0
M205,TBA (M205),various,-0.8129317186966845,0.014039807397365767,%prol tcr-gd,3/0
M206,WNT SIGNALING PATHWAY (M206),various,-0.8340730173476816,0.010955455145336135,%ctl,7/0
M207,TBA (M207),various,-0.6631781825267465,0.04849578130683141,%ctl,3/0
M207,TBA (M207),various,-0.8540130656086664,0.008416399842424482,%prol tcr-gd,7/0
M207,TBA (M207),various,0.7987808187786812,0.016335254275446243,%ctl,7/3
M208,TBA (M208),various,0.7133735491211585,0.03434114247297826,%prol tcr-gd,7/3
M210,"EXTRACELLULAR MATRIX, COLLAGEN (M210)",various,-0.6972204562262176,0.038592673206890415,%prol. ctl,7/3
M211,TBA (M211),various,-0.689322391497506,0.040774858431222416,%prol. t-cells,7/0
M211,TBA (M211),various,-0.872940450745829,0.00633049419475773,%prol. th,7/0
M211,TBA (M211),various,-0.7034415562311666,0.03692187890141385,%prol. t-cells,3/0
M211,TBA (M211),various,-0.7551979288186809,0.024609651718661585,%prol. treg,7/0
M211,TBA (M211),various,0.6842290911289076,0.042218672926609635,%prol tcr-gd,7/3
M212,PURINE NUCLEOTIDE BIOSYNTHESIS (M212),various,0.733786893138189,0.029365493969649936,%prol tcr-gd,7/3
M213,"REGULATION OF TRANSCRIPTION, TRANSCRIPTION FACTORS (M213)",various,-0.6789996894749801,0.04373119038917661,%prol. th,7/0
M214,TBA (M214),various,-0.6678739466876021,0.047051839289697917,%prol. t-cells,3/0
M215,SMALL GTPASE MEDIATED SIGNAL TRANSDUCTION (M215),various,0.7272624451407356,0.030908300980075687,%prol. ctl,7/3
M216,RESPIRATORY ELECTRON TRANSPORT CHAIN (MITOCHONDRION) (M216),various,0.6929127733884247,0.03977435038877264,%prol. ctl,7/3
M216,RESPIRATORY ELECTRON TRANSPORT CHAIN (MITOCHONDRION) (M216),various,0.92627315467606,0.002090647443748761,%prol tcr-gd,7/0
M216,RESPIRATORY ELECTRON TRANSPORT CHAIN (MITOCHONDRION) (M216),various,0.8133652566487573,0.013972432192403073,%prol tcr-gd,7/3
M217,TBA (SOURCE: B CELLS) (M217),B cells,-0.7406291768867032,0.02779482400823552,%ctl,7/0
M218,TBA (M218),various,-0.7558433411838767,0.024473501720630564,%prol. t-cells,3/0
M218,TBA (M218),various,0.679744063283714,0.04351402018450168,%prol tcr-gd,7/3
M218,TBA (M218),various,-0.8441629821662135,0.00962634044104771,%prol. th,7/0
M219,RESPIRATORY ELECTRON TRANSPORT CHAIN (MITOCHONDRION) (M219),various,0.7467900074865039,0.026421617900902694,%prol tcr-gd,7/3
M219,RESPIRATORY ELECTRON TRANSPORT CHAIN (MITOCHONDRION) (M219),various,0.8076606411419444,0.014872948758183124,%prol tcr-gd,7/0
M219,RESPIRATORY ELECTRON TRANSPORT CHAIN (MITOCHONDRION) (M219),various,0.6799532753794176,0.043453094945221205,%prol. t-cells,7/3
M22.0,MISMATCH REPAIR (I) (M22.0),cell cycle,0.7564126171392879,0.02435375918056959,%prol. ctl,7/3
M22.0,MISMATCH REPAIR (I) (M22.0),cell cycle,0.9056456610821204,0.003449478963212016,%prol tcr-gd,7/3
M22.0,MISMATCH REPAIR (I) (M22.0),cell cycle,-0.7168546544380123,0.03346158726371251,%prol. ctl,3/0
M22.1,MISMATCH REPAIR (II) (M22.1),cell cycle,0.8050420579858115,0.015296475548757904,%prol. ctl,7/3
M22.1,MISMATCH REPAIR (II) (M22.1),cell cycle,0.9016037182769612,0.0037568244489101232,%prol tcr-gd,7/3
M220,TBA (M220),various,-0.7138744271206553,0.03421379358262078,%prol tcr-gd,7/3
M224,TRANSMEMBRANE AND ION TRANSPORTERS (II) (M224),various,-0.8638960938941038,0.00728831548630593,%prol tcr-gd,7/3
M224,TRANSMEMBRANE AND ION TRANSPORTERS (II) (M224),various,-0.8463417126515945,0.009351300100219895,%prol. ctl,7/3
M224,TRANSMEMBRANE AND ION TRANSPORTERS (II) (M224),various,-0.7137993227252026,0.03423287193206903,%ctl,7/0
M226,PROTEASOME (M226),various,0.6692963598714119,0.04661944409900265,%prol tcr-gd,7/3
M226,PROTEASOME (M226),various,0.7766161280853915,0.020312294278534315,%prol. t-cells,7/3
M226,PROTEASOME (M226),various,-0.6852804767951349,0.04191826982863445,%prol. t-cells,3/0
M227,TRANSLATION INITIATION (M227),various,0.7042762638556576,0.036700899604408255,%prol tcr-gd,7/3
M227,TRANSLATION INITIATION (M227),various,0.7071170087823051,0.035954484140641396,%prol. t-cells,7/3
M229,TBA (M229),various,0.803091700778077,0.015616098317060345,%prol tcr-gd,7/3
M229,TBA (M229),various,-0.8248792871585835,0.012246521816096756,%prol tcr-gd,3/0
M229,TBA (M229),various,-0.8488992971977557,0.009033818832687945,%prol. ctl,3/0
M230,"CELL CYCLE, MITOTIC PHASE (M230)",cell cycle,-0.6906399630584348,0.040406046371909365,%prol. th,7/0
M230,"CELL CYCLE, MITOTIC PHASE (M230)",cell cycle,-0.7003828434773581,0.03773809250876958,%prol tcr-gd,3/0
M231,RESPIRATORY ELECTRON TRANSPORT CHAIN (MITOCHONDRION) (M231),various,0.7285945833538415,0.030589698303632673,%prol tcr-gd,7/0
M231,RESPIRATORY ELECTRON TRANSPORT CHAIN (MITOCHONDRION) (M231),various,0.770620883555671,0.021469605571091455,%prol. treg,7/3
M231,RESPIRATORY ELECTRON TRANSPORT CHAIN (MITOCHONDRION) (M231),various,0.7927046968802685,0.01737873338656426,%prol. t-cells,7/3
M233,TBA (M233),various,-0.779240924765919,0.019816637861163056,%prol tcr-gd,7/3
M234,"TRANSCRIPTION ELONGATION, RNA POLYMERASE II (M234)",various,0.7909331910430853,0.017689570256338882,%prol tcr-gd,7/0
M234,"TRANSCRIPTION ELONGATION, RNA POLYMERASE II (M234)",various,0.9437384177387566,0.0012100052306887044,%prol tcr-gd,7/3
M236,TBA (M236),various,0.6612878458264325,0.049084235434592394,%ctl,3/0
M237,GOLGI MEMBRANE (II) (M237),various,-0.6824047988771971,0.042742840055749465,%prol. t-cells,3/0
M237,GOLGI MEMBRANE (II) (M237),various,0.7366188394787611,0.02870956484591569,%prol tcr-gd,7/3
M237,GOLGI MEMBRANE (II) (M237),various,0.716628764941565,0.03351827101671345,%prol. ctl,7/3
M237,GOLGI MEMBRANE (II) (M237),various,-0.7193908253489564,0.03282888232197512,%prol. ctl,3/0
M238,RESPIRATORY ELECTRON TRANSPORT CHAIN (MITOCHONDRION) (M238),various,0.6916423021976073,0.04012675805401411,%prol. t-cells,7/3
M238,RESPIRATORY ELECTRON TRANSPORT CHAIN (MITOCHONDRION) (M238),various,0.7526335819214293,0.025154732959920656,%prol tcr-gd,7/0
M238,RESPIRATORY ELECTRON TRANSPORT CHAIN (MITOCHONDRION) (M238),various,0.7376340193735474,0.028476444420915792,%prol tcr-gd,7/3
M239,ENRICHED IN CALCIUM SIGNALING PROTEINS (M239),various,-0.7263309768765072,0.03113217766849896,%prol tcr-gd,7/0
M240,CHROMOSOME Y LINK/NK/T cellsED (M240),various,-0.7476160455792138,0.026240436347184204,%prol tcr-gd,7/3
M243,TBA (M243),various,0.6995096766649179,0.03797296127495686,%ctl,3/0
M245,TRANSLATION INITIATION FACTOR 3 COMPLEX (M245),various,0.7843991824751748,0.018862020913018362,%ctl,3/0
M245,TRANSLATION INITIATION FACTOR 3 COMPLEX (M245),various,0.7219458711285479,0.03219834161102697,%prol tcr-gd,7/0
M245,TRANSLATION INITIATION FACTOR 3 COMPLEX (M245),various,0.7732246545094846,0.020962661674599703,%prol tcr-gd,7/3
M246,TBA (M246),various,0.8139936119924243,0.013875090082419383,%prol. ctl,3/0
M247,ENRICHED IN NUCLEAR PORE COMPLEX INTERACTING PROTEINS (M247),various,0.6890858826303997,0.04084126483914052,%prol. t-cells,3/0
M248,TBA (M248),various,0.744718914657793,0.026878934277405397,%prol. treg,3/0
M249,TBA (M249),various,-0.8518694758236186,0.00867239687748067,%prol. treg,3/0
M249,TBA (M249),various,-0.7628445991369506,0.023023325353001,%prol. t-cells,3/0
M249,TBA (M249),various,-0.6895612943510118,0.040707842704887476,%prol. t-cells,7/0
M249,TBA (M249),various,-0.6616061768517703,0.048984850772472166,%prol. treg,7/0
M25,TLR8-BAFF NETWORK (M25),myeloid cells,-0.7311143552548428,0.029992108900656067,%ctl,7/0
M250,SPLICEOSOME (M250),cell cycle,0.7006294163013504,0.03767191834721517,%prol tcr-gd,7/0
M250,SPLICEOSOME (M250),cell cycle,0.8835787871573579,0.005293970277683968,%prol tcr-gd,7/3
M250,SPLICEOSOME (M250),cell cycle,0.7199580060212402,0.032688317247229204,%ctl,3/0
M250,SPLICEOSOME (M250),cell cycle,0.6641252216248812,0.04820252429782279,%prol. ctl,7/3
M26.0,TBA (M26.0),various,-0.8485750190037601,0.009073751164697441,%prol tcr-gd,7/3
M26.0,TBA (M26.0),various,-0.7525508976520249,0.02517241847069851,%prol. ctl,7/3
M26.1,TBA (M26.1),various,-0.9307691381523505,0.0018405130117105095,%prol tcr-gd,7/3
M26.2,TBA (M26.2),various,-0.919140681897906,0.0025210985610442105,%prol tcr-gd,7/3
M26.2,TBA (M26.2),various,-0.6733098287347377,0.045411854792061224,%prol tcr-gd,7/0
M27.0,CHEMOKINE CLUSTER (I) (M27.0),inflammation,0.6867589883554013,0.041497910891055145,%prol. th,7/3
M28,ANTIGEN PRESENTATION (LIPIDS AND PROTEINS) (M28),ag presentation,-0.7722228182903472,0.021156929139420688,%prol. treg,7/3
M28,ANTIGEN PRESENTATION (LIPIDS AND PROTEINS) (M28),ag presentation,-0.7296334533651506,0.03034251939728283,%prol. t-cells,7/3
M29,PROINFLAMMATORY CYTOKINES AND CHEMOKINES (M29),inflammation,0.7778037926398825,0.020087190995168536,%prol. th,7/3
M3,REGULATION OF SIGNAL TRANSDUCTION (M3),various,0.7113208397180604,0.03486584357345812,%prol. ctl,7/3
M30,"CELL MOVEMENT, ADHESION & PLATELET ACTIVATION (M30)",inflammation,-0.6728070794378153,0.04556211932425813,%ctl,3/0
M30,"CELL MOVEMENT, ADHESION & PLATELET ACTIVATION (M30)",inflammation,0.684780654239565,0.04206092600456479,%prol. t-cells,7/3
M30,"CELL MOVEMENT, ADHESION & PLATELET ACTIVATION (M30)",inflammation,0.6837320975543506,0.04236110373100033,%prol. treg,7/3
M31,CELL CYCLE AND GROWTH ARREST (M31),cell cycle,0.7639353940561947,0.022801779111776277,%prol. ctl,7/3
M32.0,PLATELET ACTIVATION (I) (M32.0),inflammation,0.7446994255779055,0.026883258364805984,%prol. ctl,7/3
M32.1,PLATELET ACTIVATION (II) (M32.1),inflammation,0.806515706175308,0.015057340141707565,%prol. ctl,7/3
M32.2,CORO1A-DEF6 NETWORK (I) (M32.2),cell cycle,0.677956514851264,0.044036584767683795,%prol tcr-gd,7/0
M32.3,KLF12 TARGETS NETWORK (M32.3),various,0.722700856210077,0.03201334098061004,%prol. ctl,7/3
M32.4,CORO1A-DEF6 NETWORK (II) (M32.4),various,0.734747353513394,0.02914210636470882,%prol. ctl,7/3
M32.5,TBA (M32.5),various,0.666018823995874,0.04761925711684123,%prol tcr-gd,7/3
M32.5,TBA (M32.5),various,0.8431710413898704,0.009752963341057352,%prol tcr-gd,7/0
M32.5,TBA (M32.5),various,0.8540483830581558,0.008412216000169614,%prol. ctl,7/3
M32.6,TBA (M32.6),various,0.7308213733750993,0.03006125330689624,%prol tcr-gd,7/0
M32.6,TBA (M32.6),various,0.8518656783002787,0.00867285399282225,%prol. ctl,7/3
M32.8,CYTOSKELETAL REMODELING (M32.8),various,0.6823752828891207,0.042751351364826995,%prol tcr-gd,7/0
M32.8,CYTOSKELETAL REMODELING (M32.8),various,0.802583633444494,0.01569994630568683,%prol. ctl,7/3
M33,INFLAMMATORY RESPONSE (M33),inflammation,0.7816234396113916,0.019372519523635834,%prol. t-cells,7/0
M33,INFLAMMATORY RESPONSE (M33),inflammation,0.6717206971037747,0.04588780487856026,%prol. treg,7/0
M35.0,SIGNALING IN T CELLS (I) (M35.0),NK/T cells,0.8474389379148966,0.00921438659137852,%prol. t-cells,7/0
M35.0,SIGNALING IN T CELLS (I) (M35.0),NK/T cells,0.7517993971243908,0.02533347412935516,%prol. treg,7/0
M35.0,SIGNALING IN T CELLS (I) (M35.0),NK/T cells,0.7777573015855807,0.020095976853461206,%prol. th,7/0
M35.1,SIGNALING IN T CELLS (II) (M35.1),NK/T cells,0.7956289254692029,0.01687217063965618,%prol. th,7/0
M35.1,SIGNALING IN T CELLS (II) (M35.1),NK/T cells,0.9798756712899857,1.529011821252979e-4,%prol. treg,7/0
M35.1,SIGNALING IN T CELLS (II) (M35.1),NK/T cells,0.9280163723789792,0.0019917236529427562,%prol. t-cells,7/0
M36,"T CELL SURFACE, ACTICATION (M36)",NK/T cells,0.8385346166960188,0.01035647646843163,%prol tcr-gd,7/3
M37.1,ENRICHED IN NEUTROPHILS (I) (M37.1),inflammation,0.7182057963802835,0.03312366692376023,%prol. t-cells,7/0
M37.2,ENDOPLASMIC RETICULUM (M37.2),various,0.682476975365947,0.042722031158045404,%prol. t-cells,7/0
M37.2,ENDOPLASMIC RETICULUM (M37.2),various,0.687133304689969,0.041391873809341284,%prol. ctl,7/3
M37.3,CELL DIVISION (M37.3),cell cycle,0.6612475556903095,0.049096822600400714,%prol tcr-gd,7/3
M38,CHEMOKINES AND RECEPTORS (M38),inflammation,-0.6662511111939412,0.047547992104575165,%ctl,7/0
M4.4,MITOTIC CELL CYCLE - DNA REPLICATION (M4.4),cell cycle,0.701057470705128,0.037557195934560195,%prol tcr-gd,7/3
M4.8,CELL DIVISION - E2F TRANSCRIPTION NETWORK (M4.8),cell cycle,0.7518837703495428,0.02531536357466546,%prol. ctl,7/3
M4.8,CELL DIVISION - E2F TRANSCRIPTION NETWORK (M4.8),cell cycle,0.7800003700167994,0.019674474709023837,%prol tcr-gd,7/3
M41.0,TBA (M41.0),various,-0.6720176685102427,0.045798642721114335,%prol tcr-gd,7/3
M41.1,TBA (M41.1),various,-0.6693126113472848,0.04661451723576393,%prol tcr-gd,7/0
M41.3,TBA (M41.3),various,0.7927612312770824,0.017368862849025835,%prol. th,7/0
M42,PLATELET ACTIVATION (III) (M42),inflammation,0.8600530143003681,0.007716819697956012,%prol. ctl,7/3
M42,PLATELET ACTIVATION (III) (M42),inflammation,0.7206755317891117,0.03251097855933005,%prol tcr-gd,7/0
M43.0,"MYELOID, DENDRITIC CELLS ACTIVATION VIA NFKB (I) (M43.0)",inflammation,0.68601976150354,0.041707778082688884,%prol tcr-gd,7/0
M43.0,"MYELOID, DENDRITIC CELLS ACTIVATION VIA NFKB (I) (M43.0)",inflammation,0.7612582763041433,0.02334762321859607,%prol. ctl,7/3
M43.1,"MYELOID, DENDRITIC CELLS ACTIVATION VIA NFKB (II) (M43.1)",inflammation,0.6968470798920644,0.03869429231599453,%prol. ctl,7/3
M44,T CELL SIGNALING AND COSTIMULATION (M44),NK/T cells,0.6871804064548399,0.041378541752876696,%prol tcr-gd,7/0
M44,T CELL SIGNALING AND COSTIMULATION (M44),NK/T cells,0.7495025387111075,0.025829249316644987,%prol tcr-gd,7/3
M44,T CELL SIGNALING AND COSTIMULATION (M44),NK/T cells,0.8201481428362043,0.012940944514953312,%prol. ctl,7/3
M45,LEUKOCYTE ACTIVATION AND MIGRATION (M45),inflammation,0.915554104783022,0.0027532302081492155,%prol. ctl,7/3
M45,LEUKOCYTE ACTIVATION AND MIGRATION (M45),inflammation,0.7271823874812162,0.03092750708083125,%prol tcr-gd,7/3
M45,LEUKOCYTE ACTIVATION AND MIGRATION (M45),inflammation,-0.6915546643935174,0.04015113292021599,%prol. ctl,3/0
M47.0,ENRICHED IN B CELLS (I) (M47.0),B cells,-0.729560268878758,0.0303598954267148,%prol. treg,7/3
M47.0,ENRICHED IN B CELLS (I) (M47.0),B cells,-0.6942522683339084,0.039404720559768514,%prol. t-cells,7/3
M48,TBA (M48),various,0.6711942244357665,0.0460461189367094,%prol. ctl,7/3
M49,TRANSCRIPTION REGULATION IN CELL DEVELOPMENT (M49),various,0.6724312548308454,0.04567463554099516,%prol tcr-gd,7/3
M5.1,T CELL ACTIVATION AND SIGNALING (M5.1),NK/T cells,0.8422081962523396,0.009876712259139664,%ctl,7/0
M50,CD1 AND OTHER DC RECEPTORS (M50),ag presentation,-0.7469497958514517,0.026386516235016977,%prol tcr-gd,7/3
M51,CELL ADHESION (M51),inflammation,-0.9399463677995966,0.0013804398029066967,%ctl,7/0
M54,BCR SIGNALING (M54),B cells,0.7135604431363384,0.034293593146411006,%prol. ctl,7/3
M55,TBA (M55),various,0.7715076424628774,0.02129621110791491,%prol. ctl,7/3
M57,"IMMUREGULATION - MONOCYTES, T AND B CELLS (M57)",B cells,-0.8235675266324498,0.012437004122686002,%ctl,7/0
M61.0,ENRICHED IN NK/NK/T cells CELLS (II) (M61.0),NK/T cells,0.8404931477587599,0.010099190651076562,%ctl,7/3
M61.2,ENRICHED IN NK/NK/T cells CELLS (RECEPTOR ACTIVATION) (M61.2),NK/T cells,0.7791898380998533,0.019826221024288104,%prol. th,3/0
M62.1,ENRICHED FOR UNK/NK/T cellsNOWN TF MOTIF CTCNANGTGNY (M62.1),various,0.6975069712497254,0.038514797859307226,%prol. t-cells,3/0
M62.1,ENRICHED FOR UNK/NK/T cellsNOWN TF MOTIF CTCNANGTGNY (M62.1),various,0.786186439936644,0.018537248172431298,%prol. treg,3/0
M63,REGULATION OF LOCALIZATION (GO) (M63),various,0.6913808516197525,0.040199500855066184,%prol tcr-gd,7/0
M63,REGULATION OF LOCALIZATION (GO) (M63),various,0.814204235858848,0.013842542992499762,%prol. ctl,7/3
M65,"IL2, IL7, TCR NETWORK (M65)",NK/T cells,0.9004490254717762,0.0038471225786969043,%ctl,7/0
M69,ENRICHED IN B CELLS (VI) (M69),B cells,-0.8641428321964949,0.007261243954201024,%prol tcr-gd,7/0
M69,ENRICHED IN B CELLS (VI) (M69),B cells,-0.9003731400126287,0.0038530958250357905,%prol tcr-gd,3/0
M7.0,ENRICHED IN T CELLS (I) (M7.0),NK/T cells,0.9515892984208447,8.934295094018552e-4,%ctl,7/0
M7.1,T CELL ACTIVATION (I) (M7.1),NK/T cells,0.8897959413890739,0.004732853033946327,%ctl,7/0
M7.2,ENRICHED IN NK/NK/T cells CELLS (I) (M7.2),NK/T cells,0.7959121070906913,0.01682354662030594,%ctl,7/3
M7.2,ENRICHED IN NK/NK/T cells CELLS (I) (M7.2),NK/T cells,0.8224896760199981,0.012594698287463402,%ctl,7/0
M7.3,T CELL ACTIVATION (II) (M7.3),NK/T cells,0.9657366527807923,4.453685851246725e-4,%ctl,7/0
M7.4,T CELL ACTIVATION (III) (M7.4),NK/T cells,-0.77577743067359,0.020472083348506143,%prol. th,7/0
M70.0,TBA (M70.0),various,0.6619356342876549,0.04888211593988068,%prol. t-cells,3/0
M70.0,TBA (M70.0),various,0.8285906708994152,0.01171609328426304,%prol. treg,3/0
M72.0,TBA (M72.0),various,-0.6878674818552236,0.04118434652803704,%prol. th,7/0
M72.0,TBA (M72.0),various,-0.6773642705712036,0.04421051288608968,%prol. t-cells,3/0
M72.1,TBA (M72.1),various,-0.7545403170502688,0.024748804881191244,%prol. t-cells,3/0
M72.2,TBA (M72.2),various,-0.7574537653977519,0.024135601324414502,%prol tcr-gd,3/0
M74,TRANSCRIPTIONAL TARGETS OF GLUCOCORTICOID RECEPTOR (M74),various,-0.721289333418932,0.032359706558585444,%prol. t-cells,7/0
M75,ANTIVIRAL IFN SIGNATURE (M75),IFN-I,0.857125434910415,0.008051909465651708,%prol. t-cells,7/0
M75,ANTIVIRAL IFN SIGNATURE (M75),IFN-I,0.8106660238660388,0.014394752667300725,%prol. treg,7/0
M76,DNA REPAIR (M76),cell cycle,0.6850347701542964,0.04198836306285125,%prol. ctl,7/3
M76,DNA REPAIR (M76),cell cycle,0.8645662560699228,0.007214910367042249,%prol tcr-gd,7/3
M77,"COLLAGEN, TGFB FAMILY ET AL (M77)",various,-0.665116721638441,0.04789660774307247,%ctl,3/0
M77,"COLLAGEN, TGFB FAMILY ET AL (M77)",various,-0.8529279571235164,0.008545481754253847,%ctl,7/0
M79,TBA (M79),various,0.6654476513048866,0.047794754970484465,%prol. t-cells,7/3
M8,E2F TRANSCRIPTION FACTOR NETWORK (M8),cell cycle,-0.7550808832269169,0.024634387273616554,%prol. ctl,3/0
M81,ENRICHED IN MYELOID CELLS AND MONOCYTES (M81),myeloid cells,-0.6837499622584012,0.042355979200045635,%ctl,7/0
M82,"SIGNAL TRANSDUCTION, PLASMA MEMBRANE (M82)",various,0.8053248947212742,0.015250420690217315,%prol. th,7/0
M84,INTEGRINS AND CELL ADHESION (M84),various,0.6739467680516905,0.045221894993250356,%prol tcr-gd,7/3
M85,PLATELET ACTIVATION AND DEGRANULATION (M85),inflammation,-0.771723163977823,0.02125418508761312,%ctl,7/0
M85,PLATELET ACTIVATION AND DEGRANULATION (M85),inflammation,-0.7458742054527266,0.026623297703551874,%ctl,3/0
M87,TRANSMEMBRANE TRANSPORT (I) (M87),myeloid cells,0.9170527733640188,0.002654952416919709,%prol. th,7/3
M88.0,LEUKOCYTE MIGRATION (M88.0),inflammation,0.6610733287798136,0.049151275019417184,%prol. th,7/3
M88.0,LEUKOCYTE MIGRATION (M88.0),inflammation,0.760753729738122,0.023451293791989514,%prol. th,7/0
M88.1,ENRICHED IN HEPATOCYTE NUCLEAR FACTORS (I) (M88.1),various,0.7223811452301921,0.032091609369513385,%prol. ctl,3/0
M88.1,ENRICHED IN HEPATOCYTE NUCLEAR FACTORS (I) (M88.1),various,-0.7769988269499442,0.02023960984711204,%prol tcr-gd,7/3
M88.2,ENRICHED IN HEPATOCYTE NUCLEAR FACTORS (II) (M88.2),various,-0.7482785994848772,0.02609561307900421,%prol tcr-gd,7/3
M89.1,PUTATIVE TARGETS OF PAX3 (M89.1),various,0.683007232883593,0.04256933355286541,%prol. ctl,7/3
M89.1,PUTATIVE TARGETS OF PAX3 (M89.1),various,-0.8587689740247408,0.007862866177944294,%prol. ctl,3/0
M89.1,PUTATIVE TARGETS OF PAX3 (M89.1),various,-0.7999329417529605,0.016141338031079755,%prol tcr-gd,3/0
M9,B CELL DEVELOPMENT (M9),B cells,0.7739410115251295,0.02082435383842829,%prol. t-cells,7/0
M9,B CELL DEVELOPMENT (M9),B cells,0.6888490407538488,0.040907826819084114,%prol. th,7/0
M9,B CELL DEVELOPMENT (M9),B cells,0.7275507214534903,0.030839197967485354,%prol. treg,7/0
M90,TBA (M90),various,-0.8097260107642099,0.01454341658090641,%prol tcr-gd,7/3
M93,TBA (M93),various,-0.6865344969160014,0.04156157997262744,%prol tcr-gd,3/0
M93,TBA (M93),various,0.9341227701373879,0.0016645507227375234,%prol tcr-gd,7/3
M94,"GROWTH FACTOR INDUCED, ENRICHED IN NUCLEAR RECEPTOR SUBFAMILY 4 (M94)",various,-0.7608977821302679,0.023421669120203603,%ctl,3/0
M95.1,ENRICHED IN ANTIGEN PRESENTATION (III) (M95.1),ag presentation,0.7089870490982765,0.035467869121243334,%prol. ctl,7/3
M96,HOX CLUSTER V (M96),various,-0.7149785118099956,0.033934022403184105,%prol. ctl,7/3
M96,HOX CLUSTER V (M96),various,0.8047940287965092,0.01533692432035294,%prol. ctl,3/0
M97,ENRICHED FOR SMAD2/3 SIGNALING (M97),various,-0.6722618705573381,0.04572539914951834,%ctl,3/0
M97,ENRICHED FOR SMAD2/3 SIGNALING (M97),various,-0.8205364265597457,0.012883180310802267,%prol. th,7/3
M98.0,TBA (M98.0),various,-0.6610283293359641,0.049165344742791106,%prol. ctl,7/3
S0,T CELL SURFACE SIGNATURE (S0),NK/T cells,0.726010903789207,0.031209316052522418,%ctl,7/0
S1,NK/NK/T cells CELL SURFACE SIGNATURE (S1),NK/T cells,-0.7533298548722974,0.02500607857437176,%ctl,3/0
S2,B CELL SURFACE SIGNATURE (S2),B cells,-0.7847689188565388,0.01879458184110172,%prol. ctl,7/3
S2,B CELL SURFACE SIGNATURE (S2),B cells,-0.8934042161570416,0.004422177221854229,%prol tcr-gd,7/3
S2,B CELL SURFACE SIGNATURE (S2),B cells,-0.9098411360753597,0.0031447860200704003,%prol tcr-gd,7/0
S3,PLASMA CELL SURFACE SIGNATURE (S3),B cells,0.7583665347605495,0.023945234993565157,%prol tcr-gd,3/0
S3,PLASMA CELL SURFACE SIGNATURE (S3),B cells,0.8635462766260967,0.007326787426579884,%prol tcr-gd,7/0
S3,PLASMA CELL SURFACE SIGNATURE (S3),B cells,0.6854822180522504,0.04186076897170454,%prol. t-cells,7/3
S5,DC SURFACE SIGNATURE (S5),ag presentation,-0.7299698122135722,0.030262730137048166,%ctl,7/0
S6,CD4 T CELL SURFACE SIGNATURE TH1-STIMULATED (S6),NK/T cells,0.6768973112415261,0.04434792679480948,%prol tcr-gd,7/3
S7,CD4 T CELL SURFACE SIGNATURE TH2-STIMULATED (S7),NK/T cells,0.8552702167658904,0.00826814905504536,%ctl,7/0
S8,NAIVE B CELL SURFACE SIGNATURE (S8),B cells,-0.7489347413271911,0.025952629569452768,%prol. ctl,7/3
S8,NAIVE B CELL SURFACE SIGNATURE (S8),B cells,0.8138300091967169,0.013900399498349536,%prol. ctl,3/0
S8,NAIVE B CELL SURFACE SIGNATURE (S8),B cells,-0.9414419878030348,0.0013118504996076918,%prol tcr-gd,7/3
S9,MEMORY B CELL SURFACE SIGNATURE (S9),B cells,0.7055233788029088,0.036372143596733686,%prol. ctl,3/0
S9,MEMORY B CELL SURFACE SIGNATURE (S9),B cells,-0.6743070117815463,0.04511466027660793,%prol. ctl,7/3
